[
  {
    "title": "404 Pages",
    "categoryTitle": "Marketing UI",
    "slug": "404-pages",
    "categorySlug": "marketing-ui",
    "iconDark": "https://flowbite.s3.amazonaws.com/block-thumbnails/marketing/404-dark.svg",
    "iconLight": "https://flowbite.s3.amazonaws.com/block-thumbnails/marketing/404.svg",
    "numComponents": 3
  },
  {
    "title": "500 Pages",
    "categoryTitle": "Marketing UI",
    "slug": "500-pages",
    "categorySlug": "marketing-ui",
    "iconDark": "https://flowbite.s3.amazonaws.com/block-thumbnails/marketing/500-dark.svg",
    "iconLight": "https://flowbite.s3.amazonaws.com/block-thumbnails/marketing/500.svg",
    "numComponents": 3
  },
  {
    "title": "Account Recovery",
    "categoryTitle": "Marketing UI",
    "slug": "account-recovery",
    "categorySlug": "marketing-ui",
    "iconDark": "https://flowbite.s3.amazonaws.com/block-thumbnails/marketing/forgot-dark.svg",
    "iconLight": "https://flowbite.s3.amazonaws.com/block-thumbnails/marketing/forgot.svg",
    "numComponents": 5
  },
  {
    "title": "Blog Sections",
    "categoryTitle": "Marketing UI",
    "slug": "blog-sections",
    "categorySlug": "marketing-ui",
    "iconDark": "https://flowbite.s3.amazonaws.com/block-thumbnails/marketing/blog-dark.svg",
    "iconLight": "https://flowbite.s3.amazonaws.com/block-thumbnails/marketing/blog.svg",
    "numComponents": 5
  },
  {
    "title": "Contact Forms",
    "categoryTitle": "Marketing UI",
    "slug": "contact-forms",
    "categorySlug": "marketing-ui",
    "iconDark": "https://flowbite.s3.amazonaws.com/block-thumbnails/marketing/contact-dark.svg",
    "iconLight": "https://flowbite.s3.amazonaws.com/block-thumbnails/marketing/contact.svg",
    "numComponents": 6
  },
  {
    "title": "Content Sections",
    "categoryTitle": "Marketing UI",
    "slug": "content-sections",
    "categorySlug": "marketing-ui",
    "iconDark": "https://flowbite.s3.amazonaws.com/block-thumbnails/marketing/content-dark.svg",
    "iconLight": "https://flowbite.s3.amazonaws.com/block-thumbnails/marketing/content.svg",
    "numComponents": 9
  },
  {
    "title": "Cookie Consent",
    "categoryTitle": "Marketing UI",
    "slug": "cookie-consent",
    "categorySlug": "marketing-ui",
    "iconDark": "https://flowbite.s3.amazonaws.com/block-thumbnails/marketing/cookies-dark.svg",
    "iconLight": "https://flowbite.s3.amazonaws.com/block-thumbnails/marketing/cookies.svg",
    "numComponents": 4
  },
  {
    "title": "CTA Sections",
    "categoryTitle": "Marketing UI",
    "slug": "cta-sections",
    "categorySlug": "marketing-ui",
    "iconDark": "https://flowbite.s3.amazonaws.com/block-thumbnails/marketing/cta-dark.svg",
    "iconLight": "https://flowbite.s3.amazonaws.com/block-thumbnails/marketing/cta.svg",
    "numComponents": 10
  },
  {
    "title": "Customer Logos",
    "categoryTitle": "Marketing UI",
    "slug": "customer-logos",
    "categorySlug": "marketing-ui",
    "iconDark": "https://flowbite.s3.amazonaws.com/block-thumbnails/marketing/clients-dark.svg",
    "iconLight": "https://flowbite.s3.amazonaws.com/block-thumbnails/marketing/clients.svg",
    "numComponents": 4
  },
  {
    "title": "FAQ Sections",
    "categoryTitle": "Marketing UI",
    "slug": "faq-sections",
    "categorySlug": "marketing-ui",
    "iconDark": "https://flowbite.s3.amazonaws.com/block-thumbnails/marketing/faq-dark.svg",
    "iconLight": "https://flowbite.s3.amazonaws.com/block-thumbnails/marketing/faq.svg",
    "numComponents": 5
  },
  {
    "title": "Feature Sections",
    "categoryTitle": "Marketing UI",
    "slug": "feature-sections",
    "categorySlug": "marketing-ui",
    "iconDark": "https://flowbite.s3.amazonaws.com/block-thumbnails/marketing/features-dark.svg",
    "iconLight": "https://flowbite.s3.amazonaws.com/block-thumbnails/marketing/features.svg",
    "numComponents": 10
  },
  {
    "title": "Footer Sections",
    "categoryTitle": "Marketing UI",
    "slug": "footer-sections",
    "categorySlug": "marketing-ui",
    "iconDark": "https://flowbite.s3.amazonaws.com/block-thumbnails/marketing/footer-dark.svg",
    "iconLight": "https://flowbite.s3.amazonaws.com/block-thumbnails/marketing/footer.svg",
    "numComponents": 7
  },
  {
    "title": "Headers",
    "categoryTitle": "Marketing UI",
    "slug": "headers",
    "categorySlug": "marketing-ui",
    "iconDark": "https://flowbite.s3.amazonaws.com/block-thumbnails/marketing/navbar-dark.svg",
    "iconLight": "https://flowbite.s3.amazonaws.com/block-thumbnails/marketing/navbar.svg",
    "numComponents": 8
  },
  {
    "title": "Hero Sections",
    "categoryTitle": "Marketing UI",
    "slug": "hero-sections",
    "categorySlug": "marketing-ui",
    "iconDark": "https://flowbite.s3.amazonaws.com/block-thumbnails/marketing/hero-dark.svg",
    "iconLight": "https://flowbite.s3.amazonaws.com/block-thumbnails/marketing/hero.svg",
    "numComponents": 18
  },
  {
    "title": "Login Forms",
    "categoryTitle": "Marketing UI",
    "slug": "login-forms",
    "categorySlug": "marketing-ui",
    "iconDark": "https://flowbite.s3.amazonaws.com/block-thumbnails/marketing/login-dark.svg",
    "iconLight": "https://flowbite.s3.amazonaws.com/block-thumbnails/marketing/login.svg",
    "numComponents": 5
  },
  {
    "title": "Maintenance Pages",
    "categoryTitle": "Marketing UI",
    "slug": "maintenance-pages",
    "categorySlug": "marketing-ui",
    "iconDark": "https://flowbite.s3.amazonaws.com/block-thumbnails/marketing/maintenance-dark.svg",
    "iconLight": "https://flowbite.s3.amazonaws.com/block-thumbnails/marketing/maintenance.svg",
    "numComponents": 3
  },
  {
    "title": "Newsletter Sections",
    "categoryTitle": "Marketing UI",
    "slug": "newsletter-sections",
    "categorySlug": "marketing-ui",
    "iconDark": "https://flowbite.s3.amazonaws.com/block-thumbnails/marketing/newsletter-dark.svg",
    "iconLight": "https://flowbite.s3.amazonaws.com/block-thumbnails/marketing/newsletter.svg",
    "numComponents": 4
  },
  {
    "title": "Popups",
    "categoryTitle": "Marketing UI",
    "slug": "popups",
    "categorySlug": "marketing-ui",
    "iconDark": "https://flowbite.s3.amazonaws.com/block-thumbnails/marketing/popups-dark.svg",
    "iconLight": "https://flowbite.s3.amazonaws.com/block-thumbnails/marketing/popups.svg",
    "numComponents": 5
  },
  {
    "title": "Pricing Tables",
    "categoryTitle": "Marketing UI",
    "slug": "pricing-tables",
    "categorySlug": "marketing-ui",
    "iconDark": "https://flowbite.s3.amazonaws.com/block-thumbnails/marketing/pricing-dark.svg",
    "iconLight": "https://flowbite.s3.amazonaws.com/block-thumbnails/marketing/pricing.svg",
    "numComponents": 8
  },
  {
    "title": "Register Forms",
    "categoryTitle": "Marketing UI",
    "slug": "register-forms",
    "categorySlug": "marketing-ui",
    "iconDark": "https://flowbite.s3.amazonaws.com/block-thumbnails/marketing/register-dark.svg",
    "iconLight": "https://flowbite.s3.amazonaws.com/block-thumbnails/marketing/register.svg",
    "numComponents": 5
  },
  {
    "title": "Reset Password Forms",
    "categoryTitle": "Marketing UI",
    "slug": "reset-password-forms",
    "categorySlug": "marketing-ui",
    "iconDark": "https://flowbite.s3.amazonaws.com/block-thumbnails/marketing/reset-dark.svg",
    "iconLight": "https://flowbite.s3.amazonaws.com/block-thumbnails/marketing/reset.svg",
    "numComponents": 5
  },
  {
    "title": "Social Proof",
    "categoryTitle": "Marketing UI",
    "slug": "social-proof",
    "categorySlug": "marketing-ui",
    "iconDark": "https://flowbite.s3.amazonaws.com/block-thumbnails/marketing/social-proof-dark.svg",
    "iconLight": "https://flowbite.s3.amazonaws.com/block-thumbnails/marketing/social-proof.svg",
    "numComponents": 6
  },
  {
    "title": "Testimonials",
    "categoryTitle": "Marketing UI",
    "slug": "testimonials",
    "categorySlug": "marketing-ui",
    "iconDark": "https://flowbite.s3.amazonaws.com/block-thumbnails/marketing/testimonial-dark.svg",
    "iconLight": "https://flowbite.s3.amazonaws.com/block-thumbnails/marketing/testimonial.svg",
    "numComponents": 5
  }
]
